SMILES,mg/L,logS
c1ccccc1,1840.0,-2.9429464
c1c2ccccc2ccc1,31.6,-2.7631874
c1c2cc3cc4ccccc4cc3cc2ccc1,0.00151,-6.1640253
